{
    "indexName": "eventbridge_queue_index",
    "indexDocumentID": "4a9c25e1-babb-4cac-b6e3-04b76e701506_06f71370-d2bf-4b7a-a021-0f252fd252d0_06f71370-d2bf-4b7a-a021-0f252fd252d0_698a1396-1a03-4d0e-8690-7e7be4ccd935",
    "doc": {
        "idStart": "0fd6c075-00f1-25a1-af5c-8295967f3dfc",
        "org_id": "455908e1-a676-4c61-a147-b7fba6fbd5ef",
        "eventTimeStart": 1677251634987,
        "timestamp": "2023-02-24T15:13:54.987Z",
        "startTS": "2023-02-24T15:13:54.987Z",
        "conversationId": "4a9c25e1-babb-4cac-b6e3-04b76e701506",
        "participantId": "b03f6ebb-b114-4e14-8e56-1a2bd149eb7f",
        "sessionId": "698a1396-1a03-4d0e-8690-7e7be4ccd935",
        "mediaType": "VOICE",
        "provider": "Edge",
        "direction": "INBOUND",
        "ani": "tel:+14165222335",
        "dnis": "tel:+16692341502",
        "queueId": "06f71370-d2bf-4b7a-a021-0f252fd252d0",
        "addressTo": "NA",
        "addressFrom": "NA",
        "callbackUserName": "NA",
        "callbackNumbers": "NA",
        "callbackScheduledTime": "NA",
        "subject": "NA",
        "messageType": "NA",
        "lastupdatedtime": "2023-02-24T15:14:37.434Z",
        "offered": 1,
        "divisionId": "1e064f1b-2df7-4c00-b159-88e5df02c881",
        "divisionName": "Home",
        "queueName": "Test_Queue1",
        "usedRouting": "UNKNOWN",
        "notRespondingTime": 0,
        "routingPriority": 0,
        "notResponding": false,
        "eventTimeEnd": 1677251674260,
        "accepted": false,
        "connectedDurationMs": 39227,
        "abandonedTime": 39.227,
        "requestedRoutingUserName": [],
        "transfer": false,
        "acdOutcome": "ABANDON",
        "requestedRoutingSkillName": [],
        "connectedDurationSs": 39.227,
        "idEnd": "40ea3d36-0117-975a-0846-26d1d08a72f8",
        "requestedRoutings": [
            "STANDARD"
        ],
        "endTS": "2023-02-24T15:14:34.260Z",
        "answeredUserId": "NA",
        "disconnectType": "PEER",
        "flowOut": false,
        "abandoned": true
    },
    "additionalOpts": {
        "doc_as_upsert": true,
        "refresh":true
    }
}