{
    "indexName": "eventbridge_ts_vq_observations_index",
    "indexDocumentID": "systemgenerated",
    "doc": {
        "idQueueObservationEvent": "0501495b-954d-74e3-f897-2203c4a22af7",
        "org_id": "455908e1-a676-4c61-a147-b7fba6fbd5ef",
        "queueId": "6f204ec9-0b41-4310-b7bf-af495c120366",
        "interval": "2023-02-24T16:14:56.785Z/2023-02-24T16:14:56.785Z",
        "lastupdatedEventTime": "2023-02-24T16:14:56.874Z",
        "correlationID": "3f6ef406-3224-4cd9-b829-80c1e1ecaa67",
        "lastupdatedInterval": "2023-02-24T16:14:56.785Z/2023-02-24T16:14:56.785Z",
        "timestamp": "2023-02-24T16:14:56.874Z",
        "lastupdatedtime": "2023-02-24T16:14:58.358Z",
        "queueName": "SB_Crisis",
        "divisionName": "Sandbox",
        "divisionID": "f7bcfb88-93cc-4d41-b362-e9221a3dd3ca",
        "oActiveUsers": {
          "value": {
            "count": 24
          }
        },
        "oMemberUsers": {
          "value": {
            "count": 24
          }
        },
        "oUserRoutingStatuses": {
          "value": {
            "count": 24
          },
          "qualifer": "OFF_QUEUE"
        },
        "oUserPresences": {
          "value": {
            "count": 21
          },
          "qualifer": "Offline"
        },
        "oOffQueueUsers": {
          "value": {
            "count": 21
          },
          "qualifer": "Offline"
        }
      },
    "additionalOpts": {}
}