{
    "indexName": "eventbridge_user_status_index",
    "indexDocumentID": "0a192e68-7f57-48d5-b746-a7d288c462ba",
    "doc": {
        "presenseeventid": "5d219ea2-2b11-4ed0-c4ec-52200e7c4890",
        "org_id": "455908e1-a676-4c61-a147-b7fba6fbd5ef",
        "userId": "0a192e68-7f57-48d5-b746-a7d288c462ba",
        "queueName": [
          "Q_ENG_DirectSales",
          "Q_SPN_DirectSales",
          "SB_Crisis",
          "SB_DAC_Tier2",
          "SB_Tech Eng"
        ],
        "divisionName": [
          "DirectSales",
          "Sandbox"
        ],
        "systemPresence": "AVAILABLE",
        "languageLabels": {
          "en_US": "Available"
        },
        "primary": true,
        "source": "PURECLOUD",
        "message": "",
        "modifiedDate": "2023-02-24T16:14:54.680Z",
        "timestamp": "2023-02-24T16:14:54.686Z",
        "lastupdatedtime": "2023-02-24T16:14:55.211Z",
        "UserName": "Sakshi Pandey"
      },
    "additionalOpts": {
        "doc_as_upsert": true,
        "refresh":true
    }
}