{
    "indexName": "eventbridge_user_status_index",
    "openSearchAPIEndpoint" : "/_search",
    "queryBody":{
      "index": "eventbridge_user_status_index",
        "query": {
            "bool": {
              "filter": [
                {
                  "range": {
                    "lastupdatedtime": {
                      "gte": "now-24h",
                      "lte": "now"
                    }
                  }
                }
              ],
              "must": [
                {
                  "match": {
                    "routingStatus.keyword": "INTERACTING"
                  }
                },
                {
                  "match": {
                    "systemPresence.keyword": "OFFLINE"
                  }
                }
              ]
            }
         },
          "_source": {
            "includes": ["userId"]
        }            
      },
    "pageNumber":"1// or", 
    "nextPageCursor":"or asdsadsad"
}
